iter	Recall	Logloss
0	0.9999681087	0.596017801
1	1	0.5229794395
2	1	0.4675001489
3	1	0.4213484906
4	1	0.387153613
5	1	0.3595587884
6	1	0.3387017535
7	1	0.3228605791
8	1	0.3104338836
9	1	0.2999622582
10	1	0.2913638636
11	1	0.284511658
12	1	0.2788057977
13	1	0.2746272829
14	1	0.2719033329
15	1	0.2692185965
16	1	0.2670276755
17	1	0.2648678757
18	1	0.2632197016
19	1	0.2614857566
20	1	0.2600770621
21	1	0.2588823434
