iter	Recall	Logloss
0	0.999920273	0.5960301016
1	1	0.5229451622
2	1	0.4674965497
3	1	0.4213822461
4	1	0.3871977077
5	1	0.3594972505
6	1	0.3378795898
7	1	0.3221674433
8	1	0.3099166091
9	1	0.300304236
10	1	0.290993704
11	1	0.2841501531
12	1	0.2792199021
13	1	0.274593336
14	1	0.2714772439
15	1	0.2682886503
16	1	0.2662236084
17	1	0.2641898235
18	1	0.2625445326
19	1	0.2612306392
20	1	0.2598964542
