iter	Recall	Logloss
0	1	0.5961799914
1	1	0.5230893315
2	1	0.4676094024
3	1	0.4217715261
4	1	0.3875489638
5	1	0.3599071668
6	1	0.3390203306
7	1	0.3231343492
8	1	0.3106674261
9	1	0.3000313168
10	1	0.29138517
11	1	0.2846331854
12	1	0.2795546474
13	1	0.275084786
14	1	0.2715248282
15	1	0.2688402766
16	1	0.2661680609
17	1	0.2640631894
18	1	0.2627633
19	1	0.2613069522
20	1	0.2600008597
