iter	Recall	Logloss
0	0.9999362184	0.5960404915
1	1	0.5229698788
2	1	0.4674978147
3	1	0.421711422
4	1	0.3893538673
5	1	0.3616377919
6	1	0.3394899533
7	1	0.3232102529
8	1	0.310782025
9	1	0.3003116937
10	1	0.2919279288
11	1	0.2847340978
12	1	0.2796078889
13	1	0.2758603612
14	1	0.2724033868
15	1	0.270229476
16	1	0.2673819348
17	1	0.2652879247
18	1	0.2636732646
19	1	0.261964548
20	1	0.260893272
21	1	0.2596314736
