iter	Recall	Logloss
0	0.9999362184	0.596071797
1	1	0.5229937182
2	1	0.4674975077
3	1	0.4216321905
4	1	0.3874509242
5	1	0.3599117542
6	1	0.3390762713
7	1	0.3232666175
8	1	0.3109113436
9	1	0.3003089005
10	1	0.291665466
11	1	0.2850868991
12	1	0.2798776215
13	1	0.2756052157
14	1	0.272848508
15	1	0.2695237311
16	1	0.2674318431
17	1	0.2653329444
18	1	0.2637610463
19	1	0.2619672404
20	1	0.2605877651
21	1	0.2592866504
